chatId,authorName,avatar,content,attachments,date,referenceMessage,referenceMessageDate,referenceMessageAuthor
1333831947885088791,mimichan_0,https://cdn.discordapp.com/avatars/1185122924584243230/ef75195fbdbb2b255f2a145cdc7b5f01.png,"リサーチの基本
①リサーチ用アカウントを作る
②バズってる投稿はいいね＆保存していく

応用
①フック、構成、CTAなどを分析する
②コメント欄からニーズを探る
③プロフィールまで飛んで前後の投稿も見る
④プロフィールを見る（プロフ文、リンク、フォロワー数フォロー数など）
⑤Instagramも見る
⑥最初のスレッドまでさかのぼってみる
⑦究極、返信欄や再投稿欄まで見たりします",,2025/01/29 01:11,,,
1334138802968723497,mimichan_0,https://cdn.discordapp.com/avatars/1185122924584243230/ef75195fbdbb2b255f2a145cdc7b5f01.png,"フォロワー1000人以上増やしてるママ垢見つけました🥹

https://www.threads.net/@pom.babygram/post/DFXIBXIzSe-?xmt=AQGzdzqGvyCBtJgo-Tc5nTl6Sfve0uzdvQ-EJhJljCfSeQ

育休100%延長の方法で興味づけ
→広まると困るのでDMで教えます
→DMもパンクなので自動返信できるようにリールあげます
→今日の18:00にアップしてすぐコメント1400

インスタのフォロワーも1000くらい増えてました

インスタ伸ばしたい方はこの方法いいですね⭕️
ちなみに育休延長の方法はAIに聞いたら教えてくれました（え？w）

興味づけして行動してもらうのは訴求の基本ですね！
mimiちゃんもこの方法でフォロワー増やしました☺️",,2025/01/29 21:31,,,
1334198870858534995,mimichan_0,https://cdn.discordapp.com/avatars/1185122924584243230/ef75195fbdbb2b255f2a145cdc7b5f01.png,,"https://media.discordapp.net/attachments/1333510208093163661/1334198869759885342/IMG_9049.png?ex=69841cc6&is=6982cb46&hm=cfbbdbb50566ed5e6716478e90b4311419583345503b2e701fc727f63a12171c&
https://media.discordapp.net/attachments/1333510208093163661/1334198870128721931/IMG_9050.png?ex=69841cc6&is=6982cb46&hm=e847dbdd43bd0df96686ba125058b055b19c910d880d7032ea92e7ba4e30b4de&
https://media.discordapp.net/attachments/1333510208093163661/1334198870581973022/IMG_9051.png?ex=69841cc6&is=6982cb46&hm=ef5f4d6e4f1ba491324cca00d5feced9c9990b7507ca36dc684c397d7e149837&
https://media.discordapp.net/attachments/1333510208093163661/1334198870942552165/IMG_9052.png?ex=69841cc7&is=6982cb47&hm=22a64553bba2528da4579511b8bc1bcf35798ec6352b2c11e146eff11e43ab45&",2025/01/30 01:29,,,
1334199908609167370,mimichan_0,https://cdn.discordapp.com/avatars/1185122924584243230/ef75195fbdbb2b255f2a145cdc7b5f01.png,"AIに聞いたら、興味づけに使えるネタを結構教えてくれたので、もし妊婦やママがターゲットのアカウントの人がいたらぜひ使ってみてください。

構成は

・フック→え、、みんな知ってた？
・〇〇で〇〇がお得になるんだけど…
・今まで知らなくて損してた😇
・これ、知らない人は知ったらかなりお得なんじゃない？

こんな感じで。
じわじわ伸びたりするんで、コメントが来てもすぐには反応しないのがベストです⭕️",,2025/01/30 01:34,,,
1334228867233222656,mimichan_0,https://cdn.discordapp.com/avatars/1185122924584243230/ef75195fbdbb2b255f2a145cdc7b5f01.png,"（画像）なんでこの投稿がこんな伸びてるんだろ？と思ってみに行ったらやっぱり初期垢ブーストかかってましたね。画像のは4投稿目。

2投稿目でコレ⬇️

https://www.threads.net/@yuka_sns_reel/post/DFW7Qc4hBri?xmt=AQGz9d5EmxTZcJWsTMvDmOqvp8CwISgvSCHs-I9HtnUKBg

こういうポストは、読んじゃうし、自分との共通点を探しちゃうのかな。
「なんとその子、1年で看護師辞めてた。」のオチもいいですね。タップしてコメント見たくなる感じ。

映画見た後に感想とか考察とかネットで調べる人いるかな？
余韻を楽しむために、コメント見るタイプっているんですよ！それで潜在率があがる。

あとは
「って」「って」「のに」「れて」の語尾のリズムがいい。

何がいいのかって、
話しかけられてるように感じるから読みやすいんですよね。

Threadsのユーザーは元々インスタから来てるってのもあって
小難しい文章とか説明っぽい文章は好まれません。

話しかけるように書く。
後からテンポや見た目が悪いところは削る。
これが一番ベスト。

これ、苦手な人は苦手だと思うんですが最初はとにかく音読してみるといいです！
あと落語とか漫才とかラジオとかも勉強になります。
もし普段からそういうの好きな人いたら意識してみてね！",https://media.discordapp.net/attachments/1333510208093163661/1334228867321168023/IMG_9059.png?ex=698438b6&is=6982e736&hm=a64163490e451c00aed4678a9cb1685915c0bee90acc6bdcbef3b38240d33ec2&,2025/01/30 03:29,,,
1334235754318008382,mimichan_0,https://cdn.discordapp.com/avatars/1185122924584243230/ef75195fbdbb2b255f2a145cdc7b5f01.png,"https://www.threads.net/@syo.t_0128__/post/DFZ-e5hvwXA?xmt=AQGzoE1o9C2Op_4KTLJc3XRCj4r1zKJaednpv5z6e975og （画像1枚目）

これだけバズってるけど元ネタは𝕏です！（画像2枚目）
結構グレーだけど、、まあパクリでは無い、、？コピペよりはマシです（？）

芸能人が言ってたんだけど〜みたいな投稿ってよくバズるじゃないですか？あれに通ずるものがありますね！


誘導してるnoteは無料なんですけど、
最後に資産運用のLINEに追加させようとしてます。

業者ですね🥺

ニュースのスクショだけでもバズってる事例↓

https://www.threads.net/@syo.t_0128__/post/DFJu84MS5Ow?xmt=AQGz4bpCdW4Q6zPg08Z8xxqj9n_wJDE4E8ePed7gzRYGWg

これくらいなら戦略としてはアリかなと思います！
画像をタップするし、潜在率もあがるのでアカウントパワーは高まるかなと。","https://media.discordapp.net/attachments/1333510208093163661/1334235754616066110/IMG_9063.png?ex=69843f20&is=6982eda0&hm=24410b9ece0cc34a5d88fe222a94a341ec185b51e57746976fa20ada87767d25&
https://media.discordapp.net/attachments/1333510208093163661/1334235754955538573/IMG_9064.png?ex=69843f20&is=6982eda0&hm=482ac3990bed88dfa41eeb01b942db15422c3cd5ced292a05d6b0576eed1be6f&",2025/01/30 03:56,,,
1334907001980981340,mimichan_0,https://cdn.discordapp.com/avatars/1185122924584243230/ef75195fbdbb2b255f2a145cdc7b5f01.png,"https://www.threads.net/@sweetlittledevil_crochet/post/DFdIRHDSkRN?xmt=AQGz9iYpPh5QemECuHsOEgMuxIXhHCFJHtY0mg8wCqGLKg

観測史上いちばんバズってる！410万回表示。

前後も見てみたけど、ここまでバズると他の投稿も流れてっちゃうので元々アカウントパワーが高まってたのかな？とかはよく分からないですね…

この、微妙に、ちゃんと読まないと理解できない文章（一息で喋ってるかんじの）は潜在率めちゃ上がるのかもですね。

しかもポジティブな投稿🔥",,2025/02/01 00:23,,,
1335234366711922708,mimichan_0,https://cdn.discordapp.com/avatars/1185122924584243230/ef75195fbdbb2b255f2a145cdc7b5f01.png,"https://www.threads.net/@riku_kakei?igshid=NTc4MTIwNjQ2YQ==

文章でバズりまくってるのにリール上げた途端バズらない実例。
Threadsのアルゴリズムはよく分かりません！

動画を最後まで見てもらえない、はマイナスポイントなのかなぁ。",,2025/02/01 22:04,,,
1335607400043905044,mimichan_0,https://cdn.discordapp.com/avatars/1185122924584243230/ef75195fbdbb2b255f2a145cdc7b5f01.png,"非稼ぐのアカウントパワーがあがらなくて困ってる人にちょいテクを教えます。

「…」で続きをコメントに下げる。
これだけでタップされてインプ上がります！

わたしのヒカセグもバズらなくなったらこれでアカウントパワー復活させてます🥺

やってみてね！","https://media.discordapp.net/attachments/1333510208093163661/1335607398747996282/IMG_9155.png?ex=69849f52&is=69834dd2&hm=917b7e8551337b4cdae9b75a83fb1549520d7182302c65445f6687e7258b2c41&
https://media.discordapp.net/attachments/1333510208093163661/1335607399272157275/IMG_9154.png?ex=69849f52&is=69834dd2&hm=831760f66f4fe1e6bc37d4030466f3b3a045df8acd5c1e4b58eb05a7b1a5ad77&
https://media.discordapp.net/attachments/1333510208093163661/1335607399704297473/IMG_9156.png?ex=69849f52&is=69834dd2&hm=809a734928c4063cc6dee79803c9d6e9365ecfe5434c9998f2519160077bb455&",2025/02/02 22:46,,,
1335640796099117178,mimichan_0,https://cdn.discordapp.com/avatars/1185122924584243230/ef75195fbdbb2b255f2a145cdc7b5f01.png,"また面白いアカウントを見つけてしまいました…

https://www.threads.net/@tako.fukugyo/post/DFh9aN3zeGy?xmt=AQGz8p4MqRwDMPr0uudvqtKMim0Dt0QVbSxmaCzAyqLukA

みんなが気になってる話題を検証して日記にするのはいい発想です。
これなら実績を作らなくてもいける。
100日後に〇〇する、って流行りましたよね〜

投稿遡った限り、どうやら半月でフォロワー777人いったみたいです。

このまま実績作ってnote売ったらかなりいけそう……🤤",,2025/02/03 00:59,,,
1335996443147767819,mimichan_0,https://cdn.discordapp.com/avatars/1185122924584243230/ef75195fbdbb2b255f2a145cdc7b5f01.png,"なんかやばいアカウント出てきましたね。
これ普通に実力者です笑

https://www.threads.net/@ribboncchi?igshid=NTc4MTIwNjQ2YQ==",,2025/02/04 00:32,,,
1335997739796008980,mimichan_0,https://cdn.discordapp.com/avatars/1185122924584243230/ef75195fbdbb2b255f2a145cdc7b5f01.png,"多分この人は𝕏でいう
ぷにこ https://x.com/puniko___01?s=21&t=FEg8OuPuIk2epaonLC_pvA
雲丹肉ちゃん https://x.com/oniku117?s=21&t=FEg8OuPuIk2epaonLC_pvA

みたいな運用になっていくと思います。
ターゲットがママver.ですね！

𝕏にロールモデルって結構いるので、新アカウント作る→上の2人フォローする（もしくは上の2人のフォロー欄から見ていく）
これだけで類似のバズ投稿が流れてくるのでリサーチ楽になります⭕️",,2025/02/04 00:38,,,
1336768264793227344,mimichan_0,https://cdn.discordapp.com/avatars/1185122924584243230/ef75195fbdbb2b255f2a145cdc7b5f01.png,"普段のインプはそんなに出てなくても
トレンドで爆伸びしている事例

特に、稼ぐ系という制限されやすいジャンルでも
いけてるということが分かると
トレンドは触れていく方がいいねーって思います

https://www.threads.net/@yuinyan._.98/post/DFsW4paPgYk?xmt=AQGzGnyI5waoWWCBdgDGbGoeoUdavIUeM4GSpG39GsCUEg",,2025/02/06 03:39,,,
1338847018604429439,mimichan_0,https://cdn.discordapp.com/avatars/1185122924584243230/ef75195fbdbb2b255f2a145cdc7b5f01.png,"あー。なるほどなーと思った投稿です。
こういう会話形式は読みやすいし確かにバズる！
こういう伝え方なので、現実にあった会話でなくてもいいかなぁと。

ぜひみなさんもやってみてください。

https://www.threads.net/@haru_mercari.mam2/post/DF6EqFOToyE?xmt=AQGzxaF043MXoIOkjU90rJDYtcaEBdTVoRKM51LuxrNW3g",,2025/02/11 21:20,,,
1339816822849142835,mimichan_0,https://cdn.discordapp.com/avatars/1185122924584243230/ef75195fbdbb2b255f2a145cdc7b5f01.png,"有料noteとかアフィしてるわけではないけど、
いやらしすぎない興味づけを見つけました

Threads→インスタ→ストーリー→URL
っていう導線が作れてますね

ちょっと長くて全部読めてないけど…

もう、ここまで色んなところタップさせて行ったら（行動させていったら）こっちのもん、みたいなところあります。

https://www.threads.net/@aya_gokigen/post/DGAWcQtzNvC?xmt=AQGzdQvlOF9PeQkXNYB354vbABN1xF7jciLk4FiTX61Eyg",,2025/02/14 13:33,,,
1340603944174620674,mimichan_0,https://cdn.discordapp.com/avatars/1185122924584243230/ef75195fbdbb2b255f2a145cdc7b5f01.png,"𝕏だけどnote &アフィやってるママアカ見つけました。

バズに無料note貼る→有料noteや𝕏アカウントへの導線あり

無料noteも読んだけど面白かったです（これはただの感想w）

Threadsで同じようなムーブしたら結構売れそうな気がします。
ママアカある人は参考にしてみてください！

https://x.com/hanamama_ikuji/status/1890382012462006663?s=46&t=FEg8OuPuIk2epaonLC_pvA",,2025/02/16 17:41,,,
1341767269176311830,mimichan_0,https://cdn.discordapp.com/avatars/1185122924584243230/ef75195fbdbb2b255f2a145cdc7b5f01.png,"https://www.threads.net/@gu.ri6774/post/DGOEJPqvImW?xmt=AQGzI6eJN_fRxnyEf13OSxQkUIExu_AJK2q3Xk4P95UUAg

これさすがに嘘だろー
アカウントパワーためたい同業だろー

と思ってインスタ見に行ったら普通に一般人ぽかったです。

これだけバズっててもフォローには繋がってないですが、、、
旦那のありえない話とかあればネタにするのアリです🥹",,2025/02/19 22:44,,,
1343168261302390784,mimichan_0,https://cdn.discordapp.com/avatars/1185122924584243230/ef75195fbdbb2b255f2a145cdc7b5f01.png,"ほぼ1行でひたすらバズり散らかしててなんだこれ🥺🥺

かなりアルゴリズムに優遇されてる気がする。

すみません、このアカウントほぼネタ帳みたいなものですね…

こんくらいシンプルな投稿でも、ターゲットにハマり続けてるのがバズ連発のポイントだと思います。

バズ神話読んでくれた方はわかるとおもう👀

https://www.threads.net/@m11yaa?igshid=NTc4MTIwNjQ2YQ==",,2025/02/23 19:31,,,
1344165532537978901,mimichan_0,https://cdn.discordapp.com/avatars/1185122924584243230/ef75195fbdbb2b255f2a145cdc7b5f01.png,"恋愛アカウントのリサーチしてたら
ぽにょさんのアフィが流れてきてびっくり。

このかた、ひたすらバズらせて色んなコンテンツのアフィしてるっぽいですね。

正直アフィリエイトって「クリックされたら勝ち」だと思ってます。

あとは、セールスレター、LPがよければ、訴求がハマれば買われる。

バズ×アフィは最強の組み合わせかなと思います。

https://www.threads.net/@suzuzu_renai/post/DGfr_goSS0S?xmt=AQGz2b9yq0_gqDsd5wRBQQASsDQpy_iBQj9Y1111ssjUEQ",,2025/02/26 13:33,,,
1344705609429291098,mimichan_0,https://cdn.discordapp.com/avatars/1185122924584243230/ef75195fbdbb2b255f2a145cdc7b5f01.png,"111万回表示の美容アカウント……

うーん。やっぱえっくすでよく見る訴求って洗練されてるんだな。

〇〇な友達の話
〇〇が言ってたんだけど

こういうの全部嘘だと思ってます。笑
というか本当か嘘か誰も証明できない…

𝕏のアフィアカウントとかみてると、
どんだけ神がかりな友達いるんだ、と思うことが多々あります。

でもなぜか自分をアゲるより信頼が上がるんですよね。

他人からの評価ってポイントがいいのかな？

Threadsだけでフォロワーも2000人いるのでぜひ他の投稿も見てみてください！

https://www.threads.net/@pikari05011209/post/DGY8reZzo-z?xmt=AQGzX81q6nFdInRId_VRL5JRxSDkO_ulDxUzQ4bmsJBsng",,2025/02/28 01:20,,,
1344708938222014638,mimichan_0,https://cdn.discordapp.com/avatars/1185122924584243230/ef75195fbdbb2b255f2a145cdc7b5f01.png,"完全にAIで回してるアカウント発見。

noteもAI、投稿もAI
クロードっぽいですねー。

noteは24時間以内に売れてる表示出てた…

https://www.threads.net/@shinri.taka?igshid=NTc4MTIwNjQ2YQ==",,2025/02/28 01:33,,,
1345269377116934175,mimichan_0,https://cdn.discordapp.com/avatars/1185122924584243230/ef75195fbdbb2b255f2a145cdc7b5f01.png,"AIイラストでバズりまくってる人を見つけました


Instagramはフォロワー300人
Threadsは6000人超

tiktokでは
AIで画像を動かしてフォロワー2.4万。

ミッドジャーニーを使っているそうです。

うーんこういうの理想だなぁ〜
何がいいって、イラスト系は言語の壁を超えて海外の人にもウケるんですよね。

suzuriでグッズも販売しているみたいですが…そちらは微妙かも？

tiktokは収益化できてるのかな…

なにはともあれ、テーマ選びや魅せ方などは参考になると思うので観察してみてください

（メンバーにAIアートやってる人、興味ある人多いかなと思ったのでこういうのも見ていきますね！）

https://www.threads.net/@mimo_aiart?igshid=NTc4MTIwNjQ2YQ==",,2025/03/01 14:40,,,
1345375906251800647,mimichan_0,https://cdn.discordapp.com/avatars/1185122924584243230/ef75195fbdbb2b255f2a145cdc7b5f01.png,"この前勉強会でチラッと話したことをシロウさんが深掘りしてくれていました。

これはママには有益すぎます……

https://www.threads.net/@shiro_sns01/post/DGqCwPPyKWq?xmt=AQGz7JadLx_uICRo87_RH3FXF-uZFLzhxOscLaEK4T4srA",,2025/03/01 21:43,,,
1346695783356829728,mimichan_0,https://cdn.discordapp.com/avatars/1185122924584243230/ef75195fbdbb2b255f2a145cdc7b5f01.png,"我こそはユーモア‼️
って方います？

面白い投稿してるだけでフォロワー増えてファン化も進んで…
ここまで話題になったら
そのうち書籍化の案内とか案件くると思います🥹

AIで再現できなくもないなーと少し思った

もっと言えばここまで素材があるので
AIに読み込ませて分析させたら…
GPTにユーモアが宿るかもしれません

てかほんとにたまにGPTでこれくらいのセンス出る時あるんだよな…

https://www.threads.net/@ikaikaikasaki?igshid=NTc4MTIwNjQ2YQ==",,2025/03/05 13:08,,,
1347398485355266069,mimichan_0,https://cdn.discordapp.com/avatars/1185122924584243230/ef75195fbdbb2b255f2a145cdc7b5f01.png,"多くは語りません、
これ欲しいなって思っちゃった🥺

やっぱテンプレって需要あるよなぁ
しかもこれは商用利用可。

もうすでに運用代行してる人は
ある程度安定した報酬があるから
2万でも売れるのかなと思ったり。

文章書けなくてもnoteではいろんなスキルを売れるよね。

有料部分に
動画、デザイン、GPTs、音声、スプシ、、、、

noteはあくまでも決済手段って感じで使う人は意外と多い。

自社決済使ったほうが手数料取られなくていいけど、
noteだと支払い方法を登録してる人が多いし決済しやすいのかな？
プラットフォーム経由してると何かあった時の安心感もあるしね。

あれ？いつのまにか多く語ってしまった…つきのわハウスだとついつい語りすぎてしまう……


https://note.com/mimo39/n/n676bf73754bd",,2025/03/07 11:40,,,
1347572736825757706,mimichan_0,https://cdn.discordapp.com/avatars/1185122924584243230/ef75195fbdbb2b255f2a145cdc7b5f01.png,"メモ
このアイコン目立っていいですね笑
通知来た一瞬で覚えちゃった。",https://media.discordapp.net/attachments/1333510208093163661/1347572736578555955/IMG_0460.png?ex=6984a569&is=698353e9&hm=cfe4579cc9536b68c70f0a3fd6a484c65431dad075c6d019acda0f625a08e037&,2025/03/07 23:12,,,
1348629624116215818,mimichan_0,https://cdn.discordapp.com/avatars/1185122924584243230/ef75195fbdbb2b255f2a145cdc7b5f01.png,"ママ垢でポジションを確立させてフォロワーを爆増させてる人
前から見てたけどやっぱうまいなぁ

ズボラ以外にポジションないかな、、？

https://www.threads.net/@datsu_zubora?igshid=NTc4MTIwNjQ2YQ==",,2025/03/10 21:12,,,
1348630773997113365,mimichan_0,https://cdn.discordapp.com/avatars/1185122924584243230/ef75195fbdbb2b255f2a145cdc7b5f01.png,"-----

最初のスレッドでバズる
↓
コメント欄で「まだまだ激ヤバエピソードがあるのでみてください」

これでフォローが増える。

義母ネタって𝕏でも村が存在してて、よくバズってるイメージなんだけど
Threadsは年齢層的に「義母側」が多いのでどうなのかなぁ〜と思ってます。
お孫さんいる人からしたらいい気しないよね…
𝕏はもう少し年齢層低めだから、共感のコメントも多いんだけど
Threadsは「何がダメなの？」って言ってる人が多い印象。

なので、義母ネタは相当パンチが強い＝非人道的 な内容じゃないと…とは思います。そんなお姑さんいて欲しくないけど……😓

たまーに自分のアカウントのインサイトを見て年齢層チェックするのおすすめです。

https://www.threads.net/@kitui5640/post/DG-s5hapTRs?xmt=AQGzlXK6h9JEMrHMR4mb6CVSci-5rTT7lfXFc4HjSVFDCQ",,2025/03/10 21:17,,,
1348631163140313098,mimichan_0,https://cdn.discordapp.com/avatars/1185122924584243230/ef75195fbdbb2b255f2a145cdc7b5f01.png,"料理アカウントも狙い目かも！

https://www.threads.net/@nicogohan_?igshid=NTc4MTIwNjQ2YQ==

-----.",,2025/03/10 21:18,,,
1348631324088471667,mimichan_0,https://cdn.discordapp.com/avatars/1185122924584243230/ef75195fbdbb2b255f2a145cdc7b5f01.png,"おもしろい（これはただの感想）

でもこういうの、ついついコメント見ちゃうよね。

大喜利大会。

https://www.threads.net/@zu__kri/post/DHASTS2youd?xmt=AQGzo0iB_BocHTAne8lBwKKGdVNOLIo-NqkRjYIrZOeP7Q",,2025/03/10 21:19,,,
1349386158211334215,mimichan_0,https://cdn.discordapp.com/avatars/1185122924584243230/ef75195fbdbb2b255f2a145cdc7b5f01.png,"これすごいね🥹
みんなプロフ見にいくからね。すごい。うまい。

https://www.threads.net/@uni_ikura_tako_/post/DHGEPpYhT1K?xmt=AQGzeFnlwLlIxCs5mkvQYB8T-stl_fL1ttCRAUCZwPP3Hg",,2025/03/12 23:18,,,
1350484352680726570,mimichan_0,https://cdn.discordapp.com/avatars/1185122924584243230/ef75195fbdbb2b255f2a145cdc7b5f01.png,"主婦×在宅ワークの興味づけが上手い人見つけました

https://www.threads.net/@misae.damedame?igshid=NTc4MTIwNjQ2YQ==

500円でもかなり売れると思うのに無料で出すのかー🤔と思うところではあるけど…",,2025/03/16 00:02,,,
1351267068619522222,mimichan_0,https://cdn.discordapp.com/avatars/1185122924584243230/ef75195fbdbb2b255f2a145cdc7b5f01.png,"何回バズるの？って話題、あると思いませんか？

スリコの哺乳瓶に母乳実感がつく‼️って情報、妊娠中から50回は見ました。
インスタでも𝕏でもtiktokでも見まくった。
そりゃThreadsでもバズるよね…

https://www.threads.net/@__maru__07/post/DHSBDldBP3R?xmt=AQGz-0SoeWXjUYDOMXKetp5Fz7XAbZImjI90bru1BYAGxA

「もうみんな知ってるやろ。」
と思うのに、なぜかバズるし反応も多いんです。

「何度も擦れ」ってこういうことか、と思う。

なので、反応が多いネタかつ自分も納得できるものはメモしておくといいです。自分はもう知ってることでもみんな知らない。
インスタでもtiktokでもYouTubeでもいいのでThreadsに持ってきましょう！

多分、ぷかちゃん（わたしのアフィ用育児垢）のコープの投稿とかも何度も何度も繰り返されます。

育児垢はこういうのほんと多いです。

妊娠→出産→乳児→幼児→保育園…とみんなフェーズがどんどん変わっていくからですね〜

特に乳児くらいまでは月齢毎にクラスがあるから、
そのクラスのトレンドリーダーという名のリサーチ好きが有益情報を持ってくることで歴史が繰り返されてる…って感じですね。


Threadsの稼ぐ系でもそうです。
常に新しい人が参入してきてるから情弱狩りが消えない💢💢

話逸れました。

実際、わたしもこの前メルマガで流れてきたスタエフを聞いて、
「うわめっちゃ有益感動した、コメントしよう」と思ったら
もう既にmimiちゃんのコメントがあったことがあります…

人間とは愚かなものですね……🥺


話戻ります。


このように人ってあんまり覚えてないので、
「うわこの話題バズるんだ〜知ってたのに〜なんなら自分もやってるのに〜」ってことがあったら、
「もう使えない…」って思わなくていいです。

少し時期をずらしてネタに使いましょう！
普遍的であればあるほど誰が発祥とかわからんです。

丸パクリ、犯罪（著作権、肖像権、商標権の侵害など、）じゃなければOK。

お店側からしたら勝手に宣伝してくれて最高って思ってるだろうな〜",,2025/03/18 03:52,,,
1351768241911107606,mimichan_0,https://cdn.discordapp.com/avatars/1185122924584243230/ef75195fbdbb2b255f2a145cdc7b5f01.png,"最近育児垢で爆伸びしてる人note書いてた

Threadsアカウント
https://www.threads.net/@ebimayo_mama?igshid=NTc4MTIwNjQ2YQ==

note

https://note.com/k_134_c",,2025/03/19 13:04,,,
1354047070973198408,mimichan_0,https://cdn.discordapp.com/avatars/1185122924584243230/ef75195fbdbb2b255f2a145cdc7b5f01.png,"Threadsだけで1万フォロワーいってるアカウント発見💡
旅行アカウントもリサーチしたいなぁ

noteも先月出したのにめちゃくちゃ売れてそうです。

https://www.threads.net/@yokubo_travel?igshid=NTc4MTIwNjQ2YQ==",,2025/03/25 19:59,,,
1354352603164704878,mimichan_0,https://cdn.discordapp.com/avatars/1185122924584243230/ef75195fbdbb2b255f2a145cdc7b5f01.png,"このコンセプトおもろい！今日も売れてるし！

https://note.com/club_monogoi/n/n394fbd323c79",,2025/03/26 16:13,,,
1354708828217671771,mimichan_0,https://cdn.discordapp.com/avatars/1185122924584243230/ef75195fbdbb2b255f2a145cdc7b5f01.png,"投稿、コンセプトうますぎるだろ〜🥹
そりゃみんなフォローするよなって思う。",https://media.discordapp.net/attachments/1333510208093163661/1354708828175990907/IMG_1181.png?ex=69843d69&is=6982ebe9&hm=aa35a8dbc3251fa50877e0b2d4df2ce044d826972e50b9b16f241f76bb0e45f1&,2025/03/27 15:49,,,
1355465777452679218,mimichan_0,https://cdn.discordapp.com/avatars/1185122924584243230/ef75195fbdbb2b255f2a145cdc7b5f01.png,𝕏だけどやっぱりレポ系はどこに行っても需要がある,https://media.discordapp.net/attachments/1333510208093163661/1355465777142042677/IMG_1261.png?ex=69845b60&is=698309e0&hm=3bb56ca4e97f2c0a37a77a149eb25d040f588394f2dde251981652c69f9aa012&,2025/03/29 17:57,,,
1355522124227416094,mimichan_0,https://cdn.discordapp.com/avatars/1185122924584243230/ef75195fbdbb2b255f2a145cdc7b5f01.png,"【リサーチメモ】
アカウント名をタップすると作成日が見れる。
フォロワー多い人は絶対に見てます（いつから伸ばしてるのか知りたい、短期間だったら遡る理由になる）",https://media.discordapp.net/attachments/1333510208093163661/1355522123829084291/IMG_1282.png?ex=69848fda&is=69833e5a&hm=8e43f6303cad5e26131a44a625297a4ff6899a6f3126e2d60d50da9f18def517&,2025/03/29 21:40,,,
1355524664452972727,mimichan_0,https://cdn.discordapp.com/avatars/1185122924584243230/ef75195fbdbb2b255f2a145cdc7b5f01.png,"バズってるのにマネタイズできてない恋愛アカウント

https://www.threads.net/@maimai.renai.25?igshid=NTc4MTIwNjQ2YQ==

プロフィール構成がシンプルで良い
・ターゲット
・実績
・欲求
・CTA

なんとなくだけど、
全部自分で投稿作ってそうです
でも1日何十投稿もしてるから違うかも…
AIだとしたら自然すぎる

と思ったら過去の投稿を何回も投稿してますね

インスタの投稿とストーリーを頑張っているみたいです。たまにスレッズの投稿でインスタへ誘導してるけど雑…
インスタにnoteを載せてるけど売れてない。

どうしてThreadsでnoteの宣伝しないのか？
フォロワー多いのに運用が勿体無い

でも投稿はネタの宝庫🥺

もしかしてインスタのフォロワー増やすことだけが目的なのかな。案件待ちとか。

謎も多い。",https://media.discordapp.net/attachments/1333510208093163661/1355524664587194468/IMG_1281.png?ex=69849238&is=698340b8&hm=9e327524b822907d512c6bf6de6b650280467ba9654533fe439a46f64aa35135&,2025/03/29 21:51,,,
1355526596383215647,mimichan_0,https://cdn.discordapp.com/avatars/1185122924584243230/ef75195fbdbb2b255f2a145cdc7b5f01.png,"うつ✖️繊細さん✖️仕事（転職）

https://www.threads.net/@jobchange_mental?igshid=NTc4MTIwNjQ2YQ==

プロフリンクはLINE
（LINE追加でアフィリエイト報酬もらってそう）

投稿の誘導は転職サイトだけど、開けない……残念すぎる…
短縮リンクだからどのASPかもわからない（確か調べるツールあったっけ？）

バズってるけどプロフのリンク以外に収益出てるのかな？

投稿は同じ内容をローテーションしてますね。

インスタは整ってるけど伸びてない。
この人もインスタのフォロワー増やしたいのかなぁ〜

バズ投稿の参考にはなります！！

Threadsの非稼ぐってほんと勿体無いアカウント多いよね。",https://media.discordapp.net/attachments/1333510208093163661/1355526596647452814/IMG_1284.png?ex=69849405&is=69834285&hm=55019991e0918f1eb2b28078feb0e4a0e4686194ba8cdb419271057e3420758b&,2025/03/29 21:58,,,
1355529417392259282,mimichan_0,https://cdn.discordapp.com/avatars/1185122924584243230/ef75195fbdbb2b255f2a145cdc7b5f01.png,"うつ✖️副業

https://www.threads.net/@depression__chan?igshid=NTc4MTIwNjQ2YQ==

ヒカセグ✖️稼ぐ系コンテンツ販売の事例。
300円ですが15部売れてるようです！

最近の投稿はAIっぽいですね🤔GPTかな
前までは自分で書いてそう！前の投稿の方が良かった！

スパセの時期に楽天アフィリエイトにも挑戦してる。

多分、中身は稼ぐ系の人だな…☺️

バズらせるのはとても上手でおられる！

最初まで遡ったら2月13日でした。
もし同じジャンルやってる人いたら参考になると思います。","https://media.discordapp.net/attachments/1333510208093163661/1355529417597911181/IMG_1284.png?ex=698496a5&is=69834525&hm=98b37bb5b450845a83a9938cc42fd95b441406b583c1f692bd02f177a18fb930&
https://media.discordapp.net/attachments/1333510208093163661/1355529418134655096/IMG_1285.png?ex=698496a5&is=69834525&hm=89d5e4c8a865207c562d775d129f84bf8e5c6caea8ae3d0897325c8cbc463790&
https://media.discordapp.net/attachments/1333510208093163661/1355529418646229314/IMG_1286.png?ex=698496a5&is=69834525&hm=847fab92197a1bb26e278c1f1622381679a6bc775fb040894b041ceffcf3c0b9&
https://media.discordapp.net/attachments/1333510208093163661/1355529419111792660/IMG_1287.png?ex=698496a6&is=69834526&hm=4bab53d331253f556a4a9032a258206fb4ac9697ca388be0c2662ea62b24a676&",2025/03/29 22:09,,,
1355529573957369997,mimichan_0,https://cdn.discordapp.com/avatars/1185122924584243230/ef75195fbdbb2b255f2a145cdc7b5f01.png,"ただ、せっかくバズってるのに
アフィリンクを固定してないので全然表示されてない😭

コメント欄のピン留め、重要ということがよくわかります。","https://media.discordapp.net/attachments/1333510208093163661/1355529573122703534/IMG_1288.png?ex=698496ca&is=6983454a&hm=8cb2e5e7aac0bd62986f1c1e50623199613004c0a44385f95a3d45d3fdbd3f73&
https://media.discordapp.net/attachments/1333510208093163661/1355529573759975545/IMG_1289.png?ex=698496ca&is=6983454a&hm=860de6a9a9f1ae5cea384c3b6e11c69b21381deef050f0ce38d5d833c4c949fa&",2025/03/29 22:10,,,
1355529744359100488,mimichan_0,https://cdn.discordapp.com/avatars/1185122924584243230/ef75195fbdbb2b255f2a145cdc7b5f01.png,てか多分この人バズ神話持ってるな。（勘）,,2025/03/29 22:11,,,
1355665446619054253,mimichan_0,https://cdn.discordapp.com/avatars/1185122924584243230/ef75195fbdbb2b255f2a145cdc7b5f01.png,メモ,https://media.discordapp.net/attachments/1333510208093163661/1355665446266863686/IMG_1293.png?ex=69846c95&is=69831b15&hm=b41f85e110488a9e1d6898c33acf8e6bf21192a22d1ec2e86cfbe1993ddd2914&,2025/03/30 07:10,,,
1355764941377896458,mimichan_0,https://cdn.discordapp.com/avatars/1185122924584243230/ef75195fbdbb2b255f2a145cdc7b5f01.png,"ちょっと！今の見た人います！？
何も無かったことに！！！！",,2025/03/30 13:45,,,
1357046723163328705,mimichan_0,https://cdn.discordapp.com/avatars/1185122924584243230/ef75195fbdbb2b255f2a145cdc7b5f01.png,"なんだ？と思って見に行ったら面白すぎてわらった。
下着売りとかは敬遠されるイメージだけど靴下って……絶妙すぎて……🥺

https://www.threads.net/@waku_waku118?igshid=NTc4MTIwNjQ2YQ==","https://media.discordapp.net/attachments/1333510208093163661/1357046723654189250/IMG_1435.png?ex=69842cff&is=6982db7f&hm=a8c337b4743c56865aed78dd93a990c2aaf4cdf6d7197f3630861e02caebefa5&
https://media.discordapp.net/attachments/1333510208093163661/1357046724509569335/IMG_1436.png?ex=69842cff&is=6982db7f&hm=00bb9978e52294cb4dd3e33b99252d25daeba54a8c0e9f1acf83a8099519101e&",2025/04/03 02:39,,,
1357215035855732817,mimichan_0,https://cdn.discordapp.com/avatars/1185122924584243230/ef75195fbdbb2b255f2a145cdc7b5f01.png,この人また流れてきたけどずっとバズってる🥺,,2025/04/03 13:48,"ほぼ1行でひたすらバズり散らかしててなんだこれ🥺🥺

かなりアルゴリズムに優遇されてる気がする。

すみません、このアカウントほぼネタ帳みたいなものですね…

こんくらいシンプルな投稿でも、ターゲットにハマり続けてるのがバズ連発のポイントだと思います。

バズ神話読んでくれた方はわかるとおもう👀

https://www.threads.net/@m11yaa?igshid=NTc4MTIwNjQ2YQ==",2025-02-23T10:31:08.354000+00:00,mimichan_0
1357329218505015297,mimichan_0,https://cdn.discordapp.com/avatars/1185122924584243230/ef75195fbdbb2b255f2a145cdc7b5f01.png,Threadsの愚痴投稿を読み上げるtiktokがバズってた,https://media.discordapp.net/attachments/1333510208093163661/1357329218207481886/IMG_1355.png?ex=69848b57&is=698339d7&hm=0f307ef09b79188fe107134344bda178583cc2dc3cada7ef1c9a49611f29d79e&,2025/04/03 21:21,,,
1357700538464075898,mimichan_0,https://cdn.discordapp.com/avatars/1185122924584243230/ef75195fbdbb2b255f2a145cdc7b5f01.png,"メモ

https://www.threads.net/@yui.love_life.coach/post/DIBWqsAPTV7?xmt=AQGzzj7eeVQm_PdoG8gRQfH5FYrjA95AETSm2fcr30Awrw","https://media.discordapp.net/attachments/1333510208093163661/1357700538975916232/IMG_1715.png?ex=698493a9&is=69834229&hm=5793490dc206542de7d371c1c99bbfde493b2f6eeaeaa34bcaaa5cf3e22dbc28&
https://media.discordapp.net/attachments/1333510208093163661/1357700539458130101/IMG_1716.png?ex=698493a9&is=69834229&hm=3b589f7cef12bb22bbc9ff60b6e1a6f9e06ffdc37b85342a39711c0b401fb426&",2025/04/04 21:57,,,
1358331553331019806,mimichan_0,https://cdn.discordapp.com/avatars/1185122924584243230/ef75195fbdbb2b255f2a145cdc7b5f01.png,"ショート動画バズらせの神のど素人さんのこの投稿が有益すぎる。

わたしはもう見たから消してほしいくらい有益🥹🥹🥹

https://www.threads.net/@4610_hotel/post/DIF9ThPR8IT?xmt=AQGzwEl2jbDeH-CsF_MOQyLm_2nVuwT2eUcuB-C0AtMdkA",,2025/04/06 15:44,,,
1361733981321564210,mimichan_0,https://cdn.discordapp.com/avatars/1185122924584243230/ef75195fbdbb2b255f2a145cdc7b5f01.png,これなに売るんでしょうか,"https://media.discordapp.net/attachments/1333510208093163661/1361733980805791895/IMG_1979.png?ex=6984bf98&is=69836e18&hm=ffa32473753bb65c67902ae16f255a8e9206e42a56921cda9fdc37a7c7f9bc23&
https://media.discordapp.net/attachments/1333510208093163661/1361733981103591725/IMG_1980.png?ex=6984bf98&is=69836e18&hm=1ce11efe92bf15aea7686ddb9dfed87e2ba5601137d53b8b5791ac1702eeeb73&",2025/04/16 01:04,,,
1361745289647620259,mimichan_0,https://cdn.discordapp.com/avatars/1185122924584243230/ef75195fbdbb2b255f2a145cdc7b5f01.png,"AIのクセ出まくりの投稿（のスクショ）を見つけたので貼っておきます

使われてる絵文字はどれもChatGPTが大好きな絵文字

数字（①）や記号（→）の横に半角スペース","https://media.discordapp.net/attachments/1333510208093163661/1361745288452374669/image.jpg?ex=69842160&is=6982cfe0&hm=54e3c3d6238d91d3e5777622ccb646845d9a2a0e68be091a225f649d0e3bc7b8&
https://media.discordapp.net/attachments/1333510208093163661/1361745288888455219/image.jpg?ex=69842160&is=6982cfe0&hm=684237202d4be608b0fd7b5cb57528b6cb6a4c9feb8d880474f5ccd2e1d04180&
https://media.discordapp.net/attachments/1333510208093163661/1361745289257418882/image.jpg?ex=69842160&is=6982cfe0&hm=704f357c12161b8a4de19b300b37de1bece4e5f81d7e235bb5b196ba0e83f98b&
https://media.discordapp.net/attachments/1333510208093163661/1361745289693630494/image.jpg?ex=69842161&is=6982cfe1&hm=974060ba9dc0b25180bc9ef0f2547ccc8ed55b7f1c2537810a9a4cfb205ac87d&",2025/04/16 01:49,,,
1361745852913156226,mimichan_0,https://cdn.discordapp.com/avatars/1185122924584243230/ef75195fbdbb2b255f2a145cdc7b5f01.png,「」←使いすぎ！！,,2025/04/16 01:51,,,
1361761560707469483,mimichan_0,https://cdn.discordapp.com/avatars/1185122924584243230/ef75195fbdbb2b255f2a145cdc7b5f01.png,"この人何者だ？

https://www.threads.net/@2_my_past_self?igshid=NTc4MTIwNjQ2YQ==","https://media.discordapp.net/attachments/1333510208093163661/1361761561017979137/IMG_2291.png?ex=69843088&is=6982df08&hm=8f26fb14c1f43626d6827a285494e7979ac1a59774b4a637c7ededfc1a200b5b&
https://media.discordapp.net/attachments/1333510208093163661/1361761561588535516/IMG_2292.png?ex=69843088&is=6982df08&hm=55aa4b04aa22d8ed86d1c89de52053f15322c7741b48fafabbd4bf81c97d5e45&",2025/04/16 02:54,,,
1362116191870652507,mimichan_0,https://cdn.discordapp.com/avatars/1185122924584243230/ef75195fbdbb2b255f2a145cdc7b5f01.png,これも何者…？🥺,,2025/04/17 02:23,,,
1362116195590996232,mimichan_0,https://cdn.discordapp.com/avatars/1185122924584243230/ef75195fbdbb2b255f2a145cdc7b5f01.png,,"https://media.discordapp.net/attachments/1333510208093163661/1362116194328379542/IMG_2317.png?ex=6984294f&is=6982d7cf&hm=2b87e756e04e8f2851760849c271d6afa99548a32cfa3fd370989b3d8c61e223&
https://media.discordapp.net/attachments/1333510208093163661/1362116194844541130/IMG_2318.png?ex=6984294f&is=6982d7cf&hm=391de38ed4a0d8a7d020d116ee189a042f9d7e90a0ef7711410ab5dc4a7c82ce&
https://media.discordapp.net/attachments/1333510208093163661/1362116195410510129/IMG_2319.png?ex=6984294f&is=6982d7cf&hm=7837b169df215baddbf742dac99774c53d47644eb7d86eca53333a236295a6b8&",2025/04/17 02:23,,,
1363800418961850428,mimichan_0,https://cdn.discordapp.com/avatars/1185122924584243230/ef75195fbdbb2b255f2a145cdc7b5f01.png,,https://media.discordapp.net/attachments/1333510208093163661/1363800418714652862/IMG_2482.png?ex=69845b1e&is=6983099e&hm=7f0740efc00d97fc960571b8b77844aceb38a9b6d169676f47c7701c09d83430&,2025/04/21 17:55,,,
1363800484619616317,mimichan_0,https://cdn.discordapp.com/avatars/1185122924584243230/ef75195fbdbb2b255f2a145cdc7b5f01.png,バズ後、稼働していなくてもアカウントパワーは保たれたままみたいですね,,2025/04/21 17:56,,,
1364269491357487257,mimichan_0,https://cdn.discordapp.com/avatars/1185122924584243230/ef75195fbdbb2b255f2a145cdc7b5f01.png,"この人、noteで稼ぐ系の情報も売り始めましたね。

投稿はかなりバズってるしフォロワーも多いし、noteもたくさん出してるのに月5桁かぁ。
低単価だからか、教育が足りないか、、

https://note.com/hanamama_ikuji/n/n83a22030677a",,2025/04/23 00:59,"𝕏だけどnote &アフィやってるママアカ見つけました。

バズに無料note貼る→有料noteや𝕏アカウントへの導線あり

無料noteも読んだけど面白かったです（これはただの感想w）

Threadsで同じようなムーブしたら結構売れそうな気がします。
ママアカある人は参考にしてみてください！

https://x.com/hanamama_ikuji/status/1890382012462006663?s=46&t=FEg8OuPuIk2epaonLC_pvA",2025-02-16T08:41:27.508000+00:00,mimichan_0
1366266515204341813,mimichan_0,https://cdn.discordapp.com/avatars/1185122924584243230/ef75195fbdbb2b255f2a145cdc7b5f01.png,"スピ興味ある人いる？
引き寄せの法則でローンチしてる人みつけた！

https://www.threads.com/@hana3ya?igshid=NTc4MTIwNjQ2YQ==",https://media.discordapp.net/attachments/1333510208093163661/1366266515430838342/IMG_2805.png?ex=6984c219&is=69837099&hm=5762253424a1c7d3c0f8fd020dd4a8d21ca0786525970ba579644546a80eb291&,2025/04/28 13:15,,,
1366270212739174523,mimichan_0,https://cdn.discordapp.com/avatars/1185122924584243230/ef75195fbdbb2b255f2a145cdc7b5f01.png,"note売りそうな よ・か・ん

https://www.threads.com/@kei_husband?igshid=NTc4MTIwNjQ2YQ==",https://media.discordapp.net/attachments/1333510208093163661/1366270212890034276/IMG_2810.png?ex=69841cca&is=6982cb4a&hm=1c7937c1c20b6cdc3bf9bc1bee5aa48ae4f49f3ab3271e1d7de40a677b472fb9&,2025/04/28 13:30,,,
1366678825819443241,mimichan_0,https://cdn.discordapp.com/avatars/1185122924584243230/ef75195fbdbb2b255f2a145cdc7b5f01.png,"また夫育て系アカウント見つけたよ！

https://www.threads.com/@nike_fufu?igshid=NTc4MTIwNjQ2YQ==",,2025/04/29 16:33,,,
1367798318121619456,mimichan_0,https://cdn.discordapp.com/avatars/1185122924584243230/ef75195fbdbb2b255f2a145cdc7b5f01.png,"𝕏だけど、

・ストーリー系ポストでバズる（潜在率上がりまくる）
・最後に自分メンションでフォロー促し、
noteを宣伝

で100円noteが売れてます。

物語や小説、エンタメ感覚で読んでいる人はやっぱりまだまだ多いので
こういうのをAIで分析させて自分の投稿に落とし込めるといいですね！

https://x.com/maimai0049/status/1918044433481965884?s=46&t=FEg8OuPuIk2epaonLC_pvA

https://note.com/mitisirube49/n/n0746366ac609","https://media.discordapp.net/attachments/1333510208093163661/1367798318448771092/IMG_2936.png?ex=698465f3&is=69831473&hm=eceeda8d5daf42e12d53ad32f6e58a329d69476665077124419afeb928220894&
https://media.discordapp.net/attachments/1333510208093163661/1367798318876463184/IMG_2935.png?ex=698465f3&is=69831473&hm=cfbea9eabd30d28dfa86b34d63b26c8b134c239b5d261f13376ecc7cf830d0cb&",2025/05/02 18:42,,,
1367798423444656178,mimichan_0,https://cdn.discordapp.com/avatars/1185122924584243230/ef75195fbdbb2b255f2a145cdc7b5f01.png,あと、自分の過去にバズった投稿をコメントで引用するのもテクニックです。,,2025/05/02 18:42,,,
1368819925489160212,mimichan_0,https://cdn.discordapp.com/avatars/1185122924584243230/ef75195fbdbb2b255f2a145cdc7b5f01.png,メモ,https://media.discordapp.net/attachments/1333510208093163661/1368819925254410290/IMG_2973.png?ex=698428e5&is=6982d765&hm=db49930e3ae7a5fa39a1fbea405f22fdfb7bd0d777add34614bea065f0746f1b&,2025/05/05 14:21,,,
1369968273491497072,mimichan_0,https://cdn.discordapp.com/avatars/1185122924584243230/ef75195fbdbb2b255f2a145cdc7b5f01.png,ダイエットアツいよね,https://media.discordapp.net/attachments/1333510208093163661/1369968273621389352/IMG_3142.png?ex=698461e1&is=69831061&hm=47179dc1fc946e1ac0900565d16e8a1cc565ad027f66ea100042e754b6c6fcc3&,2025/05/08 18:24,,,
1371286910382772314,mimichan_0,https://cdn.discordapp.com/avatars/1185122924584243230/ef75195fbdbb2b255f2a145cdc7b5f01.png,"なんかすごいアカウント見つけた…

https://www.threads.com/@gatch_re_jp?igshid=NTc4MTIwNjQ2YQ==",https://media.discordapp.net/attachments/1333510208093163661/1371286910508466278/IMG_3254.png?ex=698490b4&is=69833f34&hm=f10f58e7cc22914474e588639936258e68ce066f3a619f3026ff412458643df1&,2025/05/12 09:44,,,
1372539182903197707,mimichan_0,https://cdn.discordapp.com/avatars/1185122924584243230/ef75195fbdbb2b255f2a145cdc7b5f01.png,"これは面白くてなんか全部読んじゃった。（noteも笑）
マネタイズするのかな？気になる…

https://www.threads.com/@meshimeshi_omori?igshid=NTc4MTIwNjQ2YQ==","https://media.discordapp.net/attachments/1333510208093163661/1372539183264169994/IMG_3409.png?ex=698481b9&is=69833039&hm=5a6571123bca41782ce57fd83d1f30381ae69b0b643be83e872b67620ddce9cd&
https://media.discordapp.net/attachments/1333510208093163661/1372539183909965885/IMG_3408.png?ex=698481b9&is=69833039&hm=1162c5b19da7774bec289f405a88de6975f727c0174c25c1440de7beb918131a&",2025/05/15 20:40,,,
1390218579819102220,mimichan_0,https://cdn.discordapp.com/avatars/1185122924584243230/ef75195fbdbb2b255f2a145cdc7b5f01.png,"やっぱ占いってコンセプトゲーなのかな…？
この前も元風俗嬢がバズってましたね！

おばあちゃんとか、方言系はすごい飽和してきたので
いかに目新しいものを作るか…

ただ、目立てるけど売り上げにつながるかは微妙な気がします🤔

・目立てる要素
でバズり
・無料鑑定
で信頼を作る

この流れが大切かも。",https://media.discordapp.net/attachments/1333510208093163661/1390218579714117662/IMG_4983.png?ex=69843972&is=6982e7f2&hm=715d8bcd88e568e7418d5f7d03cb87acd3bdc33221f97ce1d4ce5a27e86f56f1&,2025/07/03 15:32,,,
1390926717094334554,mimichan_0,https://cdn.discordapp.com/avatars/1185122924584243230/ef75195fbdbb2b255f2a145cdc7b5f01.png,"1か月前からローンチしてるアカウントがあるけどまだ商品出してなかった…

AI×楽天アフィリエイトについて書くみたいですね。

LINEの登録数900は結構すごいです👀
バズらせて引き延ばしてリスト増やしてるのかな？

Threadsの運用は、もっといけるよなぁって思ってます。

たとえば、楽天アフィリエイトについて書いたnoteは売れてるのがあるけど
AIを掛け合わせてる有名なのは今のところないので、そこをもっと押し出せばいいのになぁって思います！

こういう風に誰かのアカウントを見てて「もっとこうしたらいいのにな」って思う要素を自分のアカウントに取り入れるだけで差別化はできます✨","https://media.discordapp.net/attachments/1333510208093163661/1390926716456800256/IMG_5034.png?ex=698429f3&is=6982d873&hm=fe33be461d9fce15dee6f9b2387c2a135db1dc0a1e2c7196bcad723abf714798&
https://media.discordapp.net/attachments/1333510208093163661/1390926716796403807/IMG_5033.png?ex=698429f3&is=6982d873&hm=6bc8e0c2268dd199830c21203cf0cd23621f3c050d8f8cbe0cd9223bc22eeb67&",2025/07/05 14:26,,,
1391099808428724304,mimichan_0,https://cdn.discordapp.com/avatars/1185122924584243230/ef75195fbdbb2b255f2a145cdc7b5f01.png,"https://www.threads.com/@nagi_goen?igshid=NTc4MTIwNjQ2YQ==

🔮ジャンルはAIで溢れる中、人間味あふれる良い投稿してるなってアカウント出てきたのでシェアします！

時間ある人、文章書くのが苦じゃない人はこうやって素直に気持ちを綴る方がウケはいいかもしれませんねー。

やっぱりAIの文章って感情面がどうも薄いので…",,2025/07/06 01:53,,,
1391267211842162720,mimichan_0,https://cdn.discordapp.com/avatars/1185122924584243230/ef75195fbdbb2b255f2a145cdc7b5f01.png,"最近気になってる恋愛アカウント🐰

https://www.threads.com/@usamii_bridal?igshid=NTc4MTIwNjQ2YQ==

うさきだからじゃないよ！
本当に投稿が良いんだよ！

差別化がとっても上手なので分析して取り入れたい…


6月から動かしてる恋愛アカウントちっとも伸びないので消して作り直します💨",,2025/07/06 12:59,,,
1392393305895206923,mimichan_0,https://cdn.discordapp.com/avatars/1185122924584243230/ef75195fbdbb2b255f2a145cdc7b5f01.png,"爆伸び旅行アカウントが流れてきた！
これからnote出すのかな…要チェックです👀

https://www.threads.com/@eru30_travel?igshid=NTc4MTIwNjQ2YQ==",,2025/07/09 15:33,,,
1402133233943969833,mimichan_0,https://cdn.discordapp.com/avatars/1185122924584243230/ef75195fbdbb2b255f2a145cdc7b5f01.png,"また楽天アフィすごい人でてきたねー
メルさんって方のコンサル気になる👀

ポスト明日消えちゃうみたいです！コメント欄も参考になります！

https://www.threads.com/@chan.ena.chan/post/DM7sgsHpnk8?xmt=AQF07hHUaAyfK_pn5C6hKfRCvCsKNK5R69ia-z-wXtohdg",,2025/08/05 12:36,,,
1403524033173127178,mimichan_0,https://cdn.discordapp.com/avatars/1185122924584243230/ef75195fbdbb2b255f2a145cdc7b5f01.png,"育児アカに流れてきたんだけど、
初期ブーストかかってる恋愛アカ？でした

ターゲット広くとってバズ狙って恋愛の投稿挟んでいってるみたいですねー

初投稿から20時間しか経ってないけど
note出したら普通に売れそうなくらいインプ出てる👀

https://www.threads.com/@genkaichaaannn?igshid=NTc4MTIwNjQ2YQ==

AIっぽいかなぁ。ネカニキAIに似てる気がする…
ゼウスでも作れそうかな？

恋愛の投稿でバズらなくてもフォロワー14人も増えるなら最初はおいしいので

やっぱり最初はザ・バズ投稿がいいかもですね。

国への不満とか、妊娠出産問題とか、猫可愛いとか🥹",,2025/08/09 08:43,,,
1403524915822329926,mimichan_0,https://cdn.discordapp.com/avatars/1185122924584243230/ef75195fbdbb2b255f2a145cdc7b5f01.png,"-------

問いかけ1行投稿でずっとバズってる！
プロフ見たらnote書いてる人だった！
Amazonアソシエイトのリンク貼ってるので、マネタイズ源はそれかな。


投稿内容は、かなりアレンジが効く内容も多いので拝借できそうです…😌😌

https://www.threads.com/@trident_ig?igshid=NTc4MTIwNjQ2YQ==",,2025/08/09 08:46,,,
1406584643133636630,mimichan_0,https://cdn.discordapp.com/avatars/1185122924584243230/ef75195fbdbb2b255f2a145cdc7b5f01.png,"Threadsでアカウントを初めて登録した時に、
「先週最もフォローされた人」ってのが出てくるように！

ちらっと見たら以下の美容アカウントが2つもランクインしてました

https://www.threads.com/@biyou_biyou123?igshid=NTc4MTIwNjQ2YQ==


特にこの元美容ナースってアカウント、
1日〜2日で1.8万人？一気に増えすぎててビビります

https://www.threads.com/@piyo.biyou?igshid=NTc4MTIwNjQ2YQ==",,2025/08/17 19:25,,,
1408866389313196105,mimichan_0,https://cdn.discordapp.com/avatars/1185122924584243230/ef75195fbdbb2b255f2a145cdc7b5f01.png,"ほぼ注意喚起みたいな感じですが、流れてきたので一応…

お金配り系のちょっと騙されそうなアカウント出てきました。

コメント見ると「入金ありがとうございます！」のコメント。
これだけ見ると信じちゃいそうですよね〜。

３人くらいいたのでアカウントまで見に行ってみたら、うまく一般人に偽装してました。

みなさんにはこの違和感に気づけるのでしょうか…

リテラシー高めていきましょうね！！！🥺","https://media.discordapp.net/attachments/1333510208093163661/1408866386389766276/IMG_7704.png?ex=69842b51&is=6982d9d1&hm=9eb5162c5e9cea5cc0dd042980a48367e4706398340c2490994c2a63ac669aab&
https://media.discordapp.net/attachments/1333510208093163661/1408866386847207565/IMG_7705.png?ex=69842b52&is=6982d9d2&hm=94c3f2c91532b884f71cf528dd3c4aaf46f7f7c8874bdd343a77efd5cd1bb95e&
https://media.discordapp.net/attachments/1333510208093163661/1408866387354587136/IMG_7706.png?ex=69842b52&is=6982d9d2&hm=6da7171355eedae66610f637776805fe02f3e463059a18c33fa99b4bc4cb9cdb&
https://media.discordapp.net/attachments/1333510208093163661/1408866387820019723/IMG_7707.png?ex=69842b52&is=6982d9d2&hm=5e01bb2c71ed457f49aaf3b4e85906224ed5d3582c87fadf2bfcdb9778179caf&
https://media.discordapp.net/attachments/1333510208093163661/1408866388415873084/IMG_7708.png?ex=69842b52&is=6982d9d2&hm=b35225c9414fe3b3e4067dd0decee1c99c09ef928f1ad60fe5912d4e596aba43&
https://media.discordapp.net/attachments/1333510208093163661/1408866388918927522/IMG_7709.png?ex=69842b52&is=6982d9d2&hm=e9a116cb2065777f959cff99fcafd42c7356a3e39b0848d7a794cf7f0d680dc5&
https://media.discordapp.net/attachments/1333510208093163661/1408866389426700370/IMG_7710.png?ex=69842b52&is=6982d9d2&hm=60fdbdeec1901f08a2ddb2840383118962f4eed717534da82a75104c042b7046&",2025/08/24 02:32,,,
1408866435463254190,mimichan_0,https://cdn.discordapp.com/avatars/1185122924584243230/ef75195fbdbb2b255f2a145cdc7b5f01.png,https://www.threads.com/@eichiyasuda/post/DNrn9Iz3rOv?xmt=AQF0q6PFhBysi4TO5CF_t6j6JoSPiUGnqBjC148e7iBDDw&slof=1,,2025/08/24 02:32,,,
1408867258742083674,mimichan_0,https://cdn.discordapp.com/avatars/1185122924584243230/ef75195fbdbb2b255f2a145cdc7b5f01.png,"ちなみに、わたしはちょっと騙されそうになりました（おい

まず一回顧客目線で見る→ビジネス視点に切り替える

みたいなことが普段から癖になってるので感情の起伏激し目です（？）",,2025/08/24 02:35,,,
1408976673063567441,ichigo032221,https://cdn.discordapp.com/avatars/1356532809463894156/7f90d05f88842b79a449d1d915a1528f.png,安田栄一って、偉人の名前の寄せ集めだから…お金持ってそうな雰囲気出ますね！！笑,,2025/08/24 09:50,"ちなみに、わたしはちょっと騙されそうになりました（おい

まず一回顧客目線で見る→ビジネス視点に切り替える

みたいなことが普段から癖になってるので感情の起伏激し目です（？）",2025-08-23T17:35:29.972000+00:00,mimichan_0
1409006783896223847,mimichan_0,https://cdn.discordapp.com/avatars/1185122924584243230/ef75195fbdbb2b255f2a145cdc7b5f01.png,あ！そこに気づくとはwwおもしろい😂😂😂,,2025/08/24 11:49,安田栄一って、偉人の名前の寄せ集めだから…お金持ってそうな雰囲気出ますね！！笑,2025-08-24T00:50:16.379000+00:00,ichigo032221
1416060230441107626,mimichan_0,https://cdn.discordapp.com/avatars/1185122924584243230/ef75195fbdbb2b255f2a145cdc7b5f01.png,アカ凍結してましたね！そりゃそうか🥺,,2025/09/12 22:57,"ほぼ注意喚起みたいな感じですが、流れてきたので一応…

お金配り系のちょっと騙されそうなアカウント出てきました。

コメント見ると「入金ありがとうございます！」のコメント。
これだけ見ると信じちゃいそうですよね〜。

３人くらいいたのでアカウントまで見に行ってみたら、うまく一般人に偽装してました。

みなさんにはこの違和感に気づけるのでしょうか…

リテラシー高めていきましょうね！！！🥺",2025-08-23T17:32:02.684000+00:00,mimichan_0
1419407403400560782,mimichan_0,https://cdn.discordapp.com/avatars/1185122924584243230/ef75195fbdbb2b255f2a145cdc7b5f01.png,"これ垢ガチャ勝ちのやつかな〜？

https://www.threads.com/@ikukyu_manechu?igshid=NTc4MTIwNjQ2YQ==

アカウントパワー高まってるのに引用だけあからさまにインプ出てないですね。やっぱり引用は伸びないんだ…なんでだろう…

コンセプトは悪くないからまだまだ伸びるかも🤔",,2025/09/22 04:38,,,
1419408646814830592,mimichan_0,https://cdn.discordapp.com/avatars/1185122924584243230/ef75195fbdbb2b255f2a145cdc7b5f01.png,"-------

𝕏だけど育児と食と芸能人の権威性をうまく絡めたポストを見つけたのでシェアします。

https://x.com/kurumi_kids_/status/1969503086583693328?s=46&t=FEg8OuPuIk2epaonLC_pvA

余談だけど
こんなふうにツリーにひたすら投稿繋げていくのってXあるあるなんだけど

Threadsのアフィ垢の「普段はこんな投稿してます！」ってスクショ並べていくのとそっくり",,2025/09/22 04:43,,,
1420839886164066364,mimichan_0,https://cdn.discordapp.com/avatars/1185122924584243230/ef75195fbdbb2b255f2a145cdc7b5f01.png,"同じアカウントでも

↓これは売れてないけど

https://www.threads.com/@yamachan_biyoushi/post/DPBkGhkjSyu?xmt=AQF0o_YfEabQ6-7uSjNwN-Ky450uhujZpKIUwvi_nKMKwA&slof=1

↓これは売れてる！

https://www.threads.com/@yamachan_biyoushi/post/DMki5sDxbIK?xmt=AQF0u4x7-bIQeSV5s3zNW_l02HIlfHRRirVmSLtCCmGUJA&slof=1","https://media.discordapp.net/attachments/1333510208093163661/1420839886348619877/IMG_8660.png?ex=69843902&is=6982e782&hm=8c7442e6f79eef5d513603ab93e527d4bb9628a7b9cde9204ba2c9fb1de80f54&
https://media.discordapp.net/attachments/1333510208093163661/1420839886713389229/IMG_8661.png?ex=69843902&is=6982e782&hm=314ede4f16cb135f82408477d44393f2d16ba75b8fe65b2b983b896f24a2b3da&",2025/09/26 03:30,,,
1420840206436925472,mimichan_0,https://cdn.discordapp.com/avatars/1185122924584243230/ef75195fbdbb2b255f2a145cdc7b5f01.png,"なぜここまで違うのかというと、単純に需要の問題かなと思います…

集客に悩んでる美容師さんは多いけど
納得いく髪型にならなくて悩んでる人はいない…",,2025/09/26 03:31,,,
1423176537662029844,mimichan_0,https://cdn.discordapp.com/avatars/1185122924584243230/ef75195fbdbb2b255f2a145cdc7b5f01.png,"ちょっと𝕏でリサーチしてるので面白いなと思ったアカウントを雑に投げていきますね。
気になるジャンルあったらみてみてね！

アカウントを見る時のポイントは

・ジャンル
・切り口
・どんな未来を見せてるか
・固定ポスト
・マネタイズ方法や単価
・導線

この辺は意識してみてます！",,2025/10/02 14:15,,,
1423176546469941248,mimichan_0,https://cdn.discordapp.com/avatars/1185122924584243230/ef75195fbdbb2b255f2a145cdc7b5f01.png,"引き寄せ×復縁セッション

https://x.com/ochans17172525?s=21&t=FEg8OuPuIk2epaonLC_pvA",,2025/10/02 14:15,,,
1423176957025325227,mimichan_0,https://cdn.discordapp.com/avatars/1185122924584243230/ef75195fbdbb2b255f2a145cdc7b5f01.png,https://x.com/senzaialaya?s=21&t=FEg8OuPuIk2epaonLC_pvA,,2025/10/02 14:17,,,
1423177104475951217,mimichan_0,https://cdn.discordapp.com/avatars/1185122924584243230/ef75195fbdbb2b255f2a145cdc7b5f01.png,"ロマンチックマインド！いいねぇ

https://x.com/pichi_pichico?s=21&t=FEg8OuPuIk2epaonLC_pvA",,2025/10/02 14:17,,,
1423177400275046432,mimichan_0,https://cdn.discordapp.com/avatars/1185122924584243230/ef75195fbdbb2b255f2a145cdc7b5f01.png,https://x.com/7teax?s=21&t=FEg8OuPuIk2epaonLC_pvA,,2025/10/02 14:18,,,
1423177757264969789,mimichan_0,https://cdn.discordapp.com/avatars/1185122924584243230/ef75195fbdbb2b255f2a145cdc7b5f01.png,"金運×占い×ヒーリング

https://x.com/ryukoku_spi?s=21&t=FEg8OuPuIk2epaonLC_pvA",,2025/10/02 14:20,,,
1423178071057498192,mimichan_0,https://cdn.discordapp.com/avatars/1185122924584243230/ef75195fbdbb2b255f2a145cdc7b5f01.png,"この人Threadsにもいるね

https://x.com/seirei_aki?s=21&t=FEg8OuPuIk2epaonLC_pvA",,2025/10/02 14:21,,,
1423311232089460929,mimichan_0,https://cdn.discordapp.com/avatars/1185122924584243230/ef75195fbdbb2b255f2a145cdc7b5f01.png,"アダルトチルドレン

https://www.threads.com/@wolf.587693?igshid=NTc4MTIwNjQ2YQ==",,2025/10/02 23:10,,,
1424350768923934884,mimichan_0,https://cdn.discordapp.com/avatars/1185122924584243230/ef75195fbdbb2b255f2a145cdc7b5f01.png,"スピリチュアル？

https://www.threads.com/@ukiha_lt?igshid=NTc4MTIwNjQ2YQ==",,2025/10/05 20:01,,,
1424350922859085855,mimichan_0,https://cdn.discordapp.com/avatars/1185122924584243230/ef75195fbdbb2b255f2a145cdc7b5f01.png,"男磨き×マインド

https://www.threads.com/@raionmenz?igshid=NTc4MTIwNjQ2YQ==",,2025/10/05 20:02,,,
1424480166192611438,mimichan_0,https://cdn.discordapp.com/avatars/1185122924584243230/ef75195fbdbb2b255f2a145cdc7b5f01.png,"最近sora2アツいですねぇ…
手を出したくてうずうず…

https://www.threads.com/@4610_hotel/post/DPZ8u49k5Au?xmt=AQF0r9Jr8xzZnWJ9eXgZNzChyiHLHkvQ67KlgPF035jXOA&slof=1

※投稿する時はAIだとわかるようにする必要があるのでやる時は注意してください！",,2025/10/06 04:35,,,
1425047116899942580,mimichan_0,https://cdn.discordapp.com/avatars/1185122924584243230/ef75195fbdbb2b255f2a145cdc7b5f01.png,"HSP×おねえ
https://www.threads.com/@hsp_shoco?igshid=NTc4MTIwNjQ2YQ==",,2025/10/07 18:08,,,
1425139040398868631,mimichan_0,https://cdn.discordapp.com/avatars/1185122924584243230/ef75195fbdbb2b255f2a145cdc7b5f01.png,"英語？

https://www.threads.com/@mochi66life?igshid=NTc4MTIwNjQ2YQ==",,2025/10/08 00:13,,,
1425140327509004310,mimichan_0,https://cdn.discordapp.com/avatars/1185122924584243230/ef75195fbdbb2b255f2a145cdc7b5f01.png,"血流研究家…？

https://www.threads.com/@ketsuryu.chan?igshid=NTc4MTIwNjQ2YQ==",,2025/10/08 00:18,,,
1426248291745529878,mimichan_0,https://cdn.discordapp.com/avatars/1185122924584243230/ef75195fbdbb2b255f2a145cdc7b5f01.png,"tiktokで占い調べてた！

Threadsでよくある投稿とおんなじ内容だよね〜

この動画どうやって作ってるのかな？😳これくらい賑やかなほうがいいのかしら。反応すごい。

https://www.tiktok.com/@iris_renai?_t=ZS-90RCZns7bqJ&_r=1",,2025/10/11 01:41,,,
1426249201804640388,mimichan_0,https://cdn.discordapp.com/avatars/1185122924584243230/ef75195fbdbb2b255f2a145cdc7b5f01.png,"この「飛ばすと不幸が…」みたいなやつも伸びやすいんですね。

これくらいの動画でいいならすぐできそう。

https://www.instagram.com/enmusubi_renai?igsh=MTd1Y2tuNHBhMzB4NQ==",,2025/10/11 01:45,,,
1426249472282853590,mimichan_0,https://cdn.discordapp.com/avatars/1185122924584243230/ef75195fbdbb2b255f2a145cdc7b5f01.png,"ランキング系も潜在時間が稼げるので伸びる。

https://www.instagram.com/pray_for_better0525?igsh=ZTRpMWNpNHpjeDgw",,2025/10/11 01:46,,,
1427163142089343077,mimichan_0,https://cdn.discordapp.com/avatars/1185122924584243230/ef75195fbdbb2b255f2a145cdc7b5f01.png,"リサーチって感じじゃないんですが、
好きな産婦人科医さんが有料noteを出してたのでシェア。
高評価700ってすごいな。

300円noteで20万以上は売れてることになりますねー！！
補足:昨日までは100円だったみたい！

この人は元々ブログをやっていて、マタニティ関連の疑問をおもしろおかしく解説するというキャラでプレママのみんなから多くの支持を得ていました。

そのおかげか、有料かつ無料部分が短くても信頼で買われて、感想も満足しているものが多いという結果に。

具体は全く真似できませんが本質は参考になるかなと思います✨

https://x.com/yacky_sanfu/status/1977042169589604603?s=46&t=FEg8OuPuIk2epaonLC_pvA",,2025/10/13 14:16,,,
1430535489588432946,mimichan_0,https://cdn.discordapp.com/avatars/1185122924584243230/ef75195fbdbb2b255f2a145cdc7b5f01.png,"何かの講座生かな？ってくらい似た占いアカウントを発見


https://www.threads.com/@ryugin_dochou?igshid=NTc4MTIwNjQ2YQ==

https://www.threads.com/@ty_yizi?igshid=NTc4MTIwNjQ2YQ==

https://www.threads.com/@shiritsu_doushu?igshid=NTc4MTIwNjQ2YQ==

https://www.threads.com/@spiritguido?igshid=NTc4MTIwNjQ2YQ==",,2025/10/22 21:37,,,
1432457699517272174,mimichan_0,https://cdn.discordapp.com/avatars/1185122924584243230/ef75195fbdbb2b255f2a145cdc7b5f01.png,https://note.com/_petako_/n/n557b7c3be23d?media_id=3591713945790482425_73224596201&media_author_id=73224596201&source_reply_media_id=3589190935177306170&utm_source=ig_text_feed_profile,,2025/10/28 04:55,,,
1433334077317976127,mimichan_0,https://cdn.discordapp.com/avatars/1185122924584243230/ef75195fbdbb2b255f2a145cdc7b5f01.png,"CW（クラウドワークス）を徘徊してたらこんなのを見つけたんですが、
なかなかアカウントの条件が厳しめ…","https://media.discordapp.net/attachments/1333510208093163661/1433334076601008198/IMG_9625.jpg?ex=69843161&is=6982dfe1&hm=09b93b3b3f3f53e4bb8bfd1c8184b6f914e834068e6cb4b7c017514291ef569b&
https://media.discordapp.net/attachments/1333510208093163661/1433334077179695225/IMG_9626.jpg?ex=69843162&is=6982dfe2&hm=0e59b800f28f42095590353f1a2308133b2af4fa996d284a2a1a11aa33576db3&",2025/10/30 14:57,,,
1434279500102762586,mimichan_0,https://cdn.discordapp.com/avatars/1185122924584243230/ef75195fbdbb2b255f2a145cdc7b5f01.png,"このアカウントなんか好きだなぁ。まだまだ伸びそう！

https://www.threads.com/@sana_mind888?igshid=NTc4MTIwNjQ2YQ==",,2025/11/02 05:34,,,
1440024699798032455,mimichan_0,https://cdn.discordapp.com/avatars/1185122924584243230/ef75195fbdbb2b255f2a145cdc7b5f01.png,"稼ぐ系×動物占い？

こんなアカウント前からいたかな一？

参考になるかと！

https://www.threads.com/@kazehaya.animal?igshid=NTc4MTIwNjQ2YQ==",,2025/11/18 02:04,,,
1440598612567654412,mimichan_0,https://cdn.discordapp.com/avatars/1185122924584243230/ef75195fbdbb2b255f2a145cdc7b5f01.png,"AIイラストのフリー素材のサイト見つけたので共有！

そのまま保存しても使えるし、絵柄ごとに調べたりもできるので自分で生成する時のインスピレーションにもなるかと！

Threadsのアイコン用の素材探してて見つけました💡

ゆるい手書き風のイラストってなかなか生成するのむずいけどこのサイトだとたくさん出てくるのでありがたいです

https://syntelligence.jp",,2025/11/19 16:04,,,
1442913237338165450,mimichan_0,https://cdn.discordapp.com/avatars/1185122924584243230/ef75195fbdbb2b255f2a145cdc7b5f01.png,"これすごいよ？
楽天アフィ垢とか使えるんじゃないかな
恋愛、占いでもいけそう。タロットカードとか。

https://x.com/rararachan6655/status/1993168406783443364?s=46&t=FEg8OuPuIk2epaonLC_pvA

https://x.com/onlywin_cospa/status/1993176079398584727?s=46&t=FEg8OuPuIk2epaonLC_pvA",,2025/11/26 01:22,,,
1446737046390571155,mimichan_0,https://cdn.discordapp.com/avatars/1185122924584243230/ef75195fbdbb2b255f2a145cdc7b5f01.png,"リライトの失敗例です！
Threadsの人にはバレてなさそうだけど、パクリってバレバレなので気をつけましょう。Xが先です。
まあこのXのも何かのパクリかもしれないけど……🥹

https://www.threads.com/@sora_glowxx/post/DR4HNCBkUH0?xmt=AQF0fCNs-027jhtR4jydOXVyE9govfY1Np3q13fhsIboIECn9aIb1CjetF6CDBxX3hXAJtaC&slof=1

https://x.com/love_ankooo/status/1996416669858910403?s=46&t=FEg8OuPuIk2epaonLC_pvA",,2025/12/06 14:36,,,
1451941786032279745,mimichan_0,https://cdn.discordapp.com/avatars/1185122924584243230/ef75195fbdbb2b255f2a145cdc7b5f01.png,"そっと置いときます

https://www.threads.com/@40.50.60demokirei?igshid=NTc4MTIwNjQ2YQ==",,2025/12/20 23:18,,,
1455207699733151799,mimichan_0,https://cdn.discordapp.com/avatars/1185122924584243230/ef75195fbdbb2b255f2a145cdc7b5f01.png,売れてそうなnoteも見つけたら貼っていきます！,,2025/12/29 23:35,,,
1455207780070850743,mimichan_0,https://cdn.discordapp.com/avatars/1185122924584243230/ef75195fbdbb2b255f2a145cdc7b5f01.png,"小1の壁×在宅ワーク

https://note.com/owlchan_note/n/n6cab36727d28",,2025/12/29 23:36,,,
1455207899650330687,mimichan_0,https://cdn.discordapp.com/avatars/1185122924584243230/ef75195fbdbb2b255f2a145cdc7b5f01.png,https://note.com/ketto_kun/n/n341f9703d041,,2025/12/29 23:36,,,
1455208046925185236,mimichan_0,https://cdn.discordapp.com/avatars/1185122924584243230/ef75195fbdbb2b255f2a145cdc7b5f01.png,https://note.com/hana032xxx/n/nafefac90fc2f,,2025/12/29 23:37,,,
1455208108727992416,mimichan_0,https://cdn.discordapp.com/avatars/1185122924584243230/ef75195fbdbb2b255f2a145cdc7b5f01.png,https://note.com/en11538/n/n5450448cafaa,,2025/12/29 23:37,,,
1455209613191413865,mimichan_0,https://cdn.discordapp.com/avatars/1185122924584243230/ef75195fbdbb2b255f2a145cdc7b5f01.png,https://note.com/nagisatt_english/n/n90eee930edde,,2025/12/29 23:43,,,
1455210309403934812,mimichan_0,https://cdn.discordapp.com/avatars/1185122924584243230/ef75195fbdbb2b255f2a145cdc7b5f01.png,https://note.com/suzu___papa/n/nb143f9fcd21a,,2025/12/29 23:46,,,
1455210370959540245,mimichan_0,https://cdn.discordapp.com/avatars/1185122924584243230/ef75195fbdbb2b255f2a145cdc7b5f01.png,https://note.com/suzu___papa/n/n8008b9990c5f,,2025/12/29 23:46,,,